[
  {
    "name": "Standard TKL",
    "author": "Louwii",
    "switchMount": "cherry",
    "switchBrand": "gateron",
    "switchType": "KS-3-Red",
    "plate": true
  },
  [
    "Esc",
    "!\n1",
    "@\n2",
    "#\n3",
    "$\n4",
    "%\n5",
    "^\n6",
    "&\n7",
    "*\n8",
    "(\n9",
    ")\n0",
    "_\n-",
    "+\n=",
    {
      "w": 2
    },
    "Backspace",
    "Home"
  ],
  [
    {
      "w": 1.5
    },
    "Tab",
    "Q",
    "W",
    "E",
    "R",
    "T",
    "Y",
    "U",
    "I",
    "O",
    "P",
    "{\n[",
    "}\n]",
    {
      "w": 1.5
    },
    "|\n\\",
    "PgUp"
  ],
  [
    {
      "w": 1.75
    },
    "Caps Lock",
    "A",
    "S",
    "D",
    "F",
    "G",
    "H",
    "J",
    "K",
    "L",
    ":\n;",
    "\"\n'",
    {
      "w": 2.25
    },
    "Enter",
    "PgDn"
  ],
  [
    {
      "w": 2.25
    },
    "LShift",
    "Z",
    "X",
    "C",
    "V",
    "B",
    "N",
    "M",
    "<\n,",
    ">\n.",
    "?\n/",
    {
      "w": 1.75
    },
    "RShift",
    {
      "a": 7
    },
    "UP",
    {
      "a": 4
    },
    "End"
  ],
  [
    {
      "w": 1.5
    },
    "LCtrl",
    "Win",
    {
      "w": 1.5
    },
    "LAlt",
    {
      "a": 7,
      "w": 7
    },
    "",
    {
      "a": 4,
      "w2": 1.5
    },
    "RAlt",
    {
      "x": 1,
      "a": 7
    },
    "Left",
    "Down",
    "Right"
  ]
]